#add handler that allows html, xml, and json to work dynamically as PHP
#https://httpd.apache.org/docs/current/mod/mod_mime.html#addtype
#https://httpd.apache.org/docs/current/mod/mod_mime.html#addhandler
#AddType application/x-httpd-php .html .xml .json
AddHandler php5-script .html .xml
#AddHandler php5-script .html .xml .json

#serve all resources labeled as 'text/html' or 'text/plain' with the media type 'charset' parameter set to UTF-8'
#https://httpd.apache.org/docs/current/mod/core.html#adddefaultcharset
AddDefaultCharset utf-8

#serve correct media type (MIME type) for resources
#https://httpd.apache.org/docs/current/mod/mod_mime.html#addtype
<Files "manifest.json">
AddType application/manifest+json .json
</Files>
AddType application/atom+xml .atom
AddType application/json .json
AddType application/ld+json .jsonld
AddType application/rss+xml .rss
AddType application/xml .rdf .xml
AddType application/vnd.ms-fontobject .eot
AddType application/x-font-ttf .ttc .ttf
AddType font/ttf .ttf
AddType font/opentype .otf
AddType font/otf .otf
AddType application/font-woff .woff
AddType font/x-woff .woff
AddType application/font-woff2 .woff2
AddType image/svg+xml .svg

#compress html, css, javascript, font, and miscellaneous resources
#https://httpd.apache.org/docs/current/mod/mod_deflate.html
<IfModule mod_deflate.c>
AddOutputFilterByType DEFLATE "text/css" "text/html" "text/javascript" "text/plain" "text/xml" "application/x-javascript" "application/javascript" "application/json" "application/ld+json" "application/manifest+json" "application/rdf+xml" "application/rss+xml" "application/x-font-woff" "application/x-font-ttf" "application/vnd.ms-fontobject" "font/eot" "font/opentype" "font/otf" "font/ttf" "font/x-woff" "image/bmp" "image/jpeg" "image/svg+xml" "image/vnd.microsoft.icon" "image/x-icon" 
</IfModule>

#redirects and aliases for mapping older files to current files
#https://httpd.apache.org/docs/current/mod/mod_alias.html#redirect
Redirect 301 "/home/jason/public_html/about.php" "/home/jason/public_html/about.html"
Redirect 301 "/home/jason/public_html/contact.php" "/home/jason/public_html/contact.html"
Redirect 301 "/home/jason/public_html/files.php" "/home/jason/public_html/code.html"
Redirect 301 "/home/jason/public_html/index.php" "/home/jason/public_html/index.html"
Redirect 301 "/home/jason/public_html/index.php" "https://www.lib.montana.edu/~jason/"
Redirect 301 "/home/jason/public_html/resume.php" "/home/jason/public_html/resume.html"
#RedirectMatch 301 "/home/jason/public_html/files/search-ux/(.*).html" "https://www.lib.montana.edu/~jason/files.html"
